{
  "worlds": [
    {
      "id": "gionkir",
      "name": "기온키르",
      "intro": "검과 성벽의 땅. 귀족과 용병이 얽힌 도시권.",
      "detail": {
        "lore": "성벽 아래 통로, 검의 요새, 귀족가의 문장 등 상징이 많은 지역.",
        "places": [
          {
            "id": "wall-tunnel",
            "name": "성벽 아래 통로",
            "type": "dungeon",
            "tags": [
              "어둠",
              "비밀"
            ]
          },
          {
            "id": "fortress",
            "name": "검의 요새",
            "type": "stronghold",
            "tags": [
              "의전",
              "훈련"
            ]
          }
        ],
        "factions": [
          "귀족 파벌",
          "용병단"
        ]
      }
    },
    {
      "id": "ashen-sea",
      "name": "잿빛 바다",
      "intro": "끝없는 파도와 녹슨 등대. 잃어버린 항로가 전설처럼 떠다닌다.",
      "detail": {
        "lore": "해무·난파선·깊은 잠수로 유명한 항로 지대.",
        "places": [
          {
            "id": "rust-lighthouse",
            "name": "녹슨 등대",
            "type": "landmark",
            "tags": [
              "안개",
              "경계"
            ]
          },
          {
            "id": "graveyard-reef",
            "name": "난파암초",
            "type": "dungeon",
            "tags": [
              "침잠",
              "잔향"
            ]
          }
        ]
      }
    },
    {
      "id": "verdanthollow",
      "name": "베던트 할로우",
      "intro": "녹음이 우거진 협곡과 푸른 유적. 숲의 기억이 바람에 머문다.",
      "detail": {
        "lore": "고목과 폐허가 얽힌 고대 터전.",
        "places": [
          {
            "id": "moss-arch",
            "name": "이끼문",
            "type": "landmark",
            "tags": [
              "고요",
              "고대문양"
            ]
          },
          {
            "id": "root-crypt",
            "name": "뿌리 납골당",
            "type": "dungeon",
            "tags": [
              "영면",
              "울림"
            ]
          }
        ]
      }
    }
  ]
}